{"cameraMode":{"drawMode":0,"name":"Shaded","section":"Shading Mode"},"sceneLighting":true,"audioPlay":false,"sceneViewState":{"showFog":true,"showMaterialUpdate":true,"showSkybox":true,"showFlares":true,"showImageEffects":true,"showParticleSystems":true},"in2DMode":false,"pivot":{"x":0.11536216735839844,"y":8.679975509643555,"z":-187.73818969726563},"rotation":{"x":-0.2335042655467987,"y":-0.11317142844200134,"z":0.027350731194019319,"w":-0.9654139280319214},"size":5.88778829574585,"orthographic":false}